customerID,Churn,Confidence
3524-EDGVD,No,0.9018969541
4535-WHSVT,Yes,0.7906931048
6525-OGJRP,No,0.6596044914
5351-PREVE,No,0.7592666165
3461-GIEPZ,Yes,0.6121453787
8773-HHUOZ,No,0.6374791631
